2025-04-28T09:38:59.940815,"{'address': '/hover', 'args': 10}"
2025-04-28T09:39:00.082436,"{'address': '/hover', 'args': 14}"
2025-04-28T09:39:00.131808,"{'address': '/hover', 'args': 19}"
2025-04-28T09:39:00.297775,"{'address': '/hover', 'args': 11}"
2025-04-28T09:39:00.364715,"{'address': '/hover', 'args': 22}"
2025-04-28T09:39:00.640141,"{'address': '/hover', 'args': 11}"
2025-04-28T09:39:00.940682,"{'address': '/hover', 'args': 11}"
2025-04-28T09:39:01.089879,"{'address': '/hover', 'args': 27}"
2025-04-28T09:39:01.390251,"{'address': '/hover', 'args': 27}"
2025-04-28T09:39:01.690762,"{'address': '/hover', 'args': 27}"
2025-04-28T09:39:01.999073,"{'address': '/hover', 'args': 27}"
2025-04-28T09:39:02.298878,"{'address': '/hover', 'args': 27}"
2025-04-28T09:39:02.606938,"{'address': '/hover', 'args': 27}"
2025-04-28T09:39:02.907329,"{'address': '/hover', 'args': 27}"
2025-04-28T09:39:03.214659,"{'address': '/hover', 'args': 27}"
2025-04-28T09:39:03.306116,"{'address': '/hover', 'args': 22}"
2025-04-28T09:39:03.581390,"{'address': '/hover', 'args': 10}"
2025-04-28T09:39:03.899307,"{'address': '/hover', 'args': 8}"
2025-04-28T09:39:04.206529,"{'address': '/hover', 'args': 8}"
2025-04-28T09:39:04.281283,"{'address': '/hover', 'args': 0}"
2025-04-28T09:39:04.331317,"{'address': '/hover', 'args': 20}"
2025-04-28T09:39:04.606752,"{'address': '/hover', 'args': 4}"
2025-04-28T09:39:04.781170,"{'address': '/hover', 'args': 17}"
2025-04-28T09:39:04.849184,"{'address': '/hover', 'args': 19}"
2025-04-28T09:39:04.981043,"{'address': '/hover', 'args': 14}"
2025-04-28T09:39:05.323485,"{'address': '/hover', 'args': 10}"
2025-04-28T09:39:05.623397,"{'address': '/hover', 'args': 10}"
2025-04-28T09:39:05.631705,"{'address': '/hover', 'args': 3}"
2025-04-28T09:39:05.847651,"{'address': '/hover', 'args': 14}"
2025-04-28T09:39:05.956287,"{'address': '/hover', 'args': 10}"
2025-04-28T09:39:06.006436,"{'address': '/hover', 'args': 3}"
2025-04-28T09:39:06.131558,"{'address': '/hover', 'args': 22}"
2025-04-28T09:39:06.256616,"{'address': '/hover', 'args': 7}"
2025-04-28T09:39:06.431594,"{'address': '/hover', 'args': 22}"
2025-04-28T09:39:06.439599,"{'address': '/hover', 'args': 11}"
2025-04-28T09:39:06.490146,"{'address': '/hover', 'args': 23}"
2025-04-28T09:39:06.564442,"{'address': '/hover', 'args': 12}"
2025-04-28T09:39:06.889580,"{'address': '/hover', 'args': 13}"
2025-04-28T09:39:06.923151,"{'address': '/hover', 'args': 16}"
2025-04-28T09:39:06.981748,"{'address': '/hover', 'args': 27}"
2025-04-28T09:39:07.198129,"{'address': '/hover', 'args': 13}"
2025-04-28T09:39:07.273282,"{'address': '/hover', 'args': 16}"
2025-04-28T09:39:07.739425,"{'address': '/hover', 'args': 23}"
2025-04-28T09:39:07.781587,"{'address': '/hover', 'args': 12}"
2025-04-28T09:39:07.856490,"{'address': '/hover', 'args': 17}"
2025-04-28T09:39:08.056283,"{'address': '/hover', 'args': 19}"
2025-04-28T09:39:08.381339,"{'address': '/hover', 'args': 14}"
2025-04-28T09:39:08.689643,"{'address': '/hover', 'args': 14}"
2025-04-28T09:39:08.731182,"{'address': '/hover', 'args': 10}"
2025-04-28T09:39:09.097650,"{'address': '/hover', 'args': 0}"
2025-04-28T09:39:09.164151,"{'address': '/hover', 'args': 20}"
2025-04-28T09:39:09.406063,"{'address': '/hover', 'args': 0}"
2025-04-28T09:39:09.481164,"{'address': '/hover', 'args': 8}"
2025-04-28T09:39:09.848048,"{'address': '/hover', 'args': 14}"
2025-04-28T09:39:10.022889,"{'address': '/hover', 'args': 10}"
2025-04-28T09:39:10.415192,"{'address': '/hover', 'args': 11}"
2025-04-28T09:39:10.873298,"{'address': '/hover', 'args': 7}"
2025-04-28T09:39:11.173508,"{'address': '/hover', 'args': 7}"
2025-04-28T09:39:11.231854,"{'address': '/hover', 'args': 22}"
2025-04-28T09:39:11.382178,"{'address': '/hover', 'args': 27}"
2025-04-28T09:39:11.657624,"{'address': '/hover', 'args': 16}"
2025-04-28T09:39:11.713963,"{'address': '/hover', 'args': 13}"
2025-04-28T09:39:12.015699,"{'address': '/hover', 'args': 13}"
2025-04-28T09:39:12.064705,"{'address': '/hover', 'args': 15}"
2025-04-28T09:39:12.381443,"{'address': '/hover', 'args': 23}"
2025-04-28T09:39:12.456259,"{'address': '/hover', 'args': 12}"
2025-04-28T09:39:12.723086,"{'address': '/hover', 'args': 19}"
2025-04-28T09:39:13.022704,"{'address': '/hover', 'args': 20}"
2025-04-28T09:39:13.197331,"{'address': '/hover', 'args': 0}"
2025-04-28T09:39:13.239265,"{'address': '/hover', 'args': 8}"
2025-04-28T09:39:14.965762,"{'address': '/hover', 'args': 8}"
2025-04-28T09:39:15.198510,"{'address': '/hover', 'args': 20}"
2025-04-28T09:39:15.331577,"{'address': '/hover', 'args': 14}"
2025-04-28T09:39:15.531602,"{'address': '/hover', 'args': 23}"
2025-04-28T09:39:15.573093,"{'address': '/hover', 'args': 15}"
2025-04-28T09:39:15.815428,"{'address': '/hover', 'args': 26}"
2025-04-28T09:39:15.880315,"{'address': '/hover', 'args': 24}"
2025-04-28T09:39:16.149298,"{'address': '/hover', 'args': 29}"
2025-04-28T09:39:16.300011,"{'address': '/hover', 'args': 24}"
2025-04-28T09:39:16.348004,"{'address': '/hover', 'args': 26}"
2025-04-28T09:39:16.657221,"{'address': '/hover', 'args': 26}"
2025-04-28T09:39:16.838970,"{'address': '/hover', 'args': 13}"
2025-04-28T09:39:16.914607,"{'address': '/hover', 'args': 15}"
2025-04-28T09:39:17.147955,"{'address': '/hover', 'args': 16}"
2025-04-28T09:39:17.206442,"{'address': '/hover', 'args': 22}"
2025-04-28T09:39:17.273024,"{'address': '/hover', 'args': 14}"
2025-04-28T09:39:17.281148,"{'address': '/hover', 'args': 19}"
2025-04-28T09:39:17.313951,"{'address': '/hover', 'args': 17}"
2025-04-28T09:39:17.439545,"{'address': '/hover', 'args': 21}"
2025-04-28T09:39:17.505992,"{'address': '/hover', 'args': 12}"
2025-04-28T09:39:17.539274,"{'address': '/hover', 'args': 23}"
2025-04-28T09:39:17.631043,"{'address': '/hover', 'args': 14}"
2025-04-28T09:39:17.914446,"{'address': '/hover', 'args': 0}"
2025-04-28T09:39:17.973005,"{'address': '/hover', 'args': 6}"
2025-04-28T09:39:18.239436,"{'address': '/hover', 'args': 33}"
2025-04-28T09:39:18.381175,"{'address': '/hover', 'args': 6}"
2025-04-28T09:39:18.405865,"{'address': '/hover', 'args': 2}"
2025-04-28T09:39:18.439345,"{'address': '/hover', 'args': 5}"
2025-04-28T09:39:18.499107,"{'address': '/hover', 'args': 1}"
2025-04-28T09:39:18.706499,"{'address': '/hover', 'args': 2}"
2025-04-28T09:39:18.739745,"{'address': '/hover', 'args': 5}"
2025-04-28T09:39:18.906142,"{'address': '/hover', 'args': 4}"
2025-04-28T09:39:18.922866,"{'address': '/hover', 'args': 20}"
2025-04-28T09:39:18.997298,"{'address': '/hover', 'args': 19}"
2025-04-28T09:39:19.282031,"{'address': '/hover', 'args': 14}"
2025-04-28T09:39:19.705921,"{'address': '/hover', 'args': 14}"
2025-04-28T09:39:19.789747,"{'address': '/hover', 'args': 11}"
2025-04-28T09:39:20.256772,"{'address': '/hover', 'args': 27}"
2025-04-28T09:39:20.364377,"{'address': '/hover', 'args': 29}"
2025-04-28T09:39:20.414537,"{'address': '/hover', 'args': 24}"
2025-04-28T09:39:20.739449,"{'address': '/hover', 'args': 15}"
2025-04-28T09:39:20.756112,"{'address': '/hover', 'args': 13}"
2025-04-28T09:39:20.839334,"{'address': '/hover', 'args': 16}"
2025-04-28T09:39:21.247411,"{'address': '/hover', 'args': 23}"
2025-04-28T09:39:21.547314,"{'address': '/hover', 'args': 23}"
2025-04-28T09:39:21.647999,"{'address': '/hover', 'args': 11}"
2025-04-28T09:39:21.855799,"{'address': '/hover', 'args': 23}"
2025-04-28T09:39:21.932512,"{'address': '/hover', 'args': 14}"
2025-04-28T09:39:21.932582,"{'address': '/hover', 'args': 19}"
2025-04-28T09:39:22.230792,"{'address': '/hover', 'args': 20}"
2025-04-28T09:39:23.239380,"{'address': '/hover', 'args': 6}"
2025-04-28T09:39:23.290310,"{'address': '/hover', 'args': 33}"
2025-04-28T09:39:23.498214,"{'address': '/hover', 'args': 2}"
2025-04-28T09:39:23.789425,"{'address': '/hover', 'args': 4}"
2025-04-28T09:39:23.855935,"{'address': '/hover', 'args': 17}"
2025-04-28T09:39:23.881055,"{'address': '/hover', 'args': 19}"
2025-04-28T09:39:24.022249,"{'address': '/hover', 'args': 25}"
2025-04-28T09:39:24.430946,"{'address': '/hover', 'args': 11}"
2025-04-28T09:39:24.464395,"{'address': '/hover', 'args': 27}"
2025-04-28T09:39:24.772509,"{'address': '/hover', 'args': 24}"
2025-04-28T09:39:24.797693,"{'address': '/hover', 'args': 26}"
2025-04-28T09:39:25.072941,"{'address': '/hover', 'args': 24}"
2025-04-28T09:39:25.180935,"{'address': '/hover', 'args': 26}"
2025-04-28T09:39:25.455928,"{'address': '/hover', 'args': 13}"
2025-04-28T09:39:25.522241,"{'address': '/hover', 'args': 15}"
2025-04-28T09:39:25.680668,"{'address': '/hover', 'args': 16}"
2025-04-28T09:39:25.805609,"{'address': '/hover', 'args': 27}"
2025-04-28T09:39:26.115373,"{'address': '/hover', 'args': 11}"
2025-04-28T09:39:26.139537,"{'address': '/hover', 'args': 23}"
2025-04-28T09:39:26.739297,"{'address': '/hover', 'args': 19}"
2025-04-28T09:39:26.771789,"{'address': '/hover', 'args': 14}"
2025-04-28T09:39:26.838975,"{'address': '/hover', 'args': 10}"
2025-04-28T09:39:27.072769,"{'address': '/hover', 'args': 14}"
2025-04-28T09:39:27.380960,"{'address': '/hover', 'args': 14}"
2025-04-28T09:39:27.389404,"{'address': '/hover', 'args': 19}"
2025-04-28T09:39:27.514395,"{'address': '/hover', 'args': 10}"
2025-04-28T09:39:27.697820,"{'address': '/hover', 'args': 3}"
2025-04-28T09:39:27.998007,"{'address': '/hover', 'args': 3}"
2025-04-28T09:39:28.106403,"{'address': '/hover', 'args': 10}"
2025-04-28T09:39:28.181222,"{'address': '/hover', 'args': 14}"
2025-04-28T09:39:28.323687,"{'address': '/hover', 'args': 19}"
2025-04-28T09:39:28.547842,"{'address': '/hover', 'args': 22}"
2025-04-28T09:39:28.814418,"{'address': '/hover', 'args': 11}"
2025-04-28T09:39:29.013891,"{'address': '/hover', 'args': 22}"
2025-04-28T09:39:29.198705,"{'address': '/hover', 'args': 7}"
2025-04-28T09:39:29.489230,"{'address': '/hover', 'args': 22}"
2025-04-28T09:39:29.522053,"{'address': '/hover', 'args': 11}"
2025-04-28T09:39:29.556188,"{'address': '/hover', 'args': 23}"
2025-04-28T09:39:29.581430,"{'address': '/hover', 'args': 12}"
2025-04-28T09:39:29.972719,"{'address': '/hover', 'args': 21}"
2025-04-28T09:39:30.131176,"{'address': '/hover', 'args': 18}"
2025-04-28T09:39:30.231439,"{'address': '/hover', 'args': 15}"
2025-04-28T09:39:30.322663,"{'address': '/hover', 'args': 13}"
2025-04-28T09:39:30.372907,"{'address': '/hover', 'args': 16}"
2025-04-28T09:39:30.480470,"{'address': '/hover', 'args': 27}"
2025-04-28T09:39:30.672579,"{'address': '/hover', 'args': 16}"
2025-04-28T09:39:30.956014,"{'address': '/hover', 'args': 13}"
2025-04-28T09:39:31.005915,"{'address': '/hover', 'args': 16}"
2025-04-28T09:39:31.239232,"{'address': '/hover', 'args': 29}"
2025-04-28T09:39:31.547293,"{'address': '/hover', 'args': 29}"
2025-04-28T09:39:31.722867,"{'address': '/hover', 'args': 16}"
2025-04-28T09:39:31.780851,"{'address': '/hover', 'args': 23}"
2025-04-28T09:39:37.614389,"{'address': '/hover', 'args': 11}"
2025-04-28T09:39:37.664976,"{'address': '/hover', 'args': 22}"
2025-04-28T09:39:37.972840,"{'address': '/hover', 'args': 22}"
2025-04-28T09:39:37.997657,"{'address': '/hover', 'args': 7}"
2025-04-28T09:39:49.565165,"{'address': '/hover', 'args': 7}"
2025-04-28T09:39:49.871551,"{'address': '/hover', 'args': 7}"
2025-04-28T09:39:50.172528,"{'address': '/hover', 'args': 7}"
2025-04-28T09:39:50.479940,"{'address': '/hover', 'args': 7}"
2025-04-28T09:39:50.789073,"{'address': '/hover', 'args': 7}"
2025-04-28T09:39:51.097362,"{'address': '/hover', 'args': 7}"
2025-04-28T09:39:51.189603,"{'address': '/hover', 'args': 22}"
2025-04-28T09:39:51.280525,"{'address': '/hover', 'args': 27}"
2025-04-28T09:39:51.597787,"{'address': '/hover', 'args': 30}"
2025-04-28T09:39:52.148088,"{'address': '/hover', 'args': 7}"
2025-04-28T09:39:52.455184,"{'address': '/hover', 'args': 7}"
2025-04-28T09:39:53.097577,"{'address': '/hover', 'args': 10}"
2025-04-28T09:39:53.156330,"{'address': '/hover', 'args': 3}"
2025-04-28T09:39:53.456280,"{'address': '/hover', 'args': 10}"
2025-04-28T09:39:53.464226,"{'address': '/hover', 'args': 3}"
2025-04-28T09:39:54.239667,"{'address': '/hover', 'args': 8}"
2025-04-28T09:39:54.547768,"{'address': '/hover', 'args': 8}"
2025-04-28T09:40:31.214265,"{'address': '/hover', 'args': 7}"
2025-04-28T09:40:31.522470,"{'address': '/hover', 'args': 7}"
2025-04-28T09:40:31.831109,"{'address': '/hover', 'args': 7}"
2025-04-28T09:40:32.139323,"{'address': '/hover', 'args': 7}"
2025-04-28T09:40:32.439091,"{'address': '/hover', 'args': 7}"
2025-04-28T09:40:32.747153,"{'address': '/hover', 'args': 7}"
2025-04-28T09:40:32.930311,"{'address': '/hover', 'args': 27}"
2025-04-28T09:40:33.139568,"{'address': '/hover', 'args': 11}"
2025-04-28T09:40:33.264448,"{'address': '/hover', 'args': 19}"
2025-04-28T09:40:33.589028,"{'address': '/hover', 'args': 14}"
2025-04-28T09:40:33.965038,"{'address': '/hover', 'args': 0}"
2025-04-28T09:40:34.222577,"{'address': '/hover', 'args': 20}"
2025-04-28T09:40:34.414143,"{'address': '/hover', 'args': 2}"
2025-04-28T09:40:34.465120,"{'address': '/hover', 'args': 6}"
2025-04-28T09:40:34.772657,"{'address': '/hover', 'args': 6}"
2025-04-28T09:40:34.805991,"{'address': '/hover', 'args': 33}"
2025-04-28T09:40:34.947681,"{'address': '/hover', 'args': 2}"
2025-04-28T09:40:34.981028,"{'address': '/hover', 'args': 5}"
2025-04-28T09:40:35.030913,"{'address': '/hover', 'args': 1}"
2025-04-28T09:40:35.281709,"{'address': '/hover', 'args': 5}"
2025-04-28T09:40:35.305988,"{'address': '/hover', 'args': 2}"
2025-04-28T09:40:35.588582,"{'address': '/hover', 'args': 5}"
2025-04-28T09:40:35.772218,"{'address': '/hover', 'args': 20}"
2025-04-28T09:40:35.805799,"{'address': '/hover', 'args': 0}"
2025-04-28T09:40:36.113860,"{'address': '/hover', 'args': 0}"
2025-04-28T09:40:36.355906,"{'address': '/hover', 'args': 10}"
2025-04-28T09:40:36.422837,"{'address': '/hover', 'args': 22}"
2025-04-28T09:40:36.789173,"{'address': '/hover', 'args': 27}"
2025-04-28T09:40:36.913895,"{'address': '/hover', 'args': 29}"
2025-04-28T09:40:36.938728,"{'address': '/hover', 'args': 31}"
2025-04-28T09:40:37.097783,"{'address': '/hover', 'args': 24}"
2025-04-28T09:40:37.189160,"{'address': '/hover', 'args': 26}"
2025-04-28T09:40:37.355064,"{'address': '/hover', 'args': 28}"
2025-04-28T09:40:37.589370,"{'address': '/hover', 'args': 26}"
2025-04-28T09:40:37.839313,"{'address': '/hover', 'args': 16}"
2025-04-28T09:40:37.972466,"{'address': '/hover', 'args': 23}"
2025-04-28T09:40:38.272877,"{'address': '/hover', 'args': 23}"
2025-04-28T09:40:38.298224,"{'address': '/hover', 'args': 11}"
2025-04-28T09:40:38.563225,"{'address': '/hover', 'args': 22}"
2025-04-28T09:40:38.606298,"{'address': '/hover', 'args': 11}"
2025-04-28T09:40:38.864190,"{'address': '/hover', 'args': 22}"
2025-04-28T09:40:38.981335,"{'address': '/hover', 'args': 27}"
2025-04-28T09:40:39.289008,"{'address': '/hover', 'args': 30}"
2025-04-28T09:40:39.597654,"{'address': '/hover', 'args': 30}"
2025-04-28T09:40:39.897903,"{'address': '/hover', 'args': 30}"
2025-04-28T09:40:40.198101,"{'address': '/hover', 'args': 30}"
2025-04-28T09:40:40.356002,"{'address': '/hover', 'args': 7}"
2025-04-28T09:40:40.538980,"{'address': '/hover', 'args': 22}"
2025-04-28T09:40:40.655895,"{'address': '/hover', 'args': 11}"
2025-04-28T09:40:40.855948,"{'address': '/hover', 'args': 16}"
2025-04-28T09:40:40.905835,"{'address': '/hover', 'args': 27}"
2025-04-28T09:40:41.164072,"{'address': '/hover', 'args': 16}"
2025-04-28T09:40:41.422360,"{'address': '/hover', 'args': 23}"
2025-04-28T09:40:41.722583,"{'address': '/hover', 'args': 23}"
2025-04-28T09:40:41.888524,"{'address': '/hover', 'args': 12}"
2025-04-28T09:40:42.189185,"{'address': '/hover', 'args': 12}"
2025-04-28T09:40:42.464128,"{'address': '/hover', 'args': 15}"
2025-04-28T09:40:42.514198,"{'address': '/hover', 'args': 13}"
2025-04-28T09:40:42.764744,"{'address': '/hover', 'args': 15}"
2025-04-28T09:40:42.914112,"{'address': '/hover', 'args': 18}"
2025-04-28T09:40:43.214106,"{'address': '/hover', 'args': 18}"
2025-04-28T09:40:43.289168,"{'address': '/hover', 'args': 12}"
2025-04-28T09:40:43.447650,"{'address': '/hover', 'args': 21}"
2025-04-28T09:40:43.805893,"{'address': '/hover', 'args': 17}"
2025-04-28T09:40:44.105807,"{'address': '/hover', 'args': 17}"
2025-04-28T09:40:44.222056,"{'address': '/hover', 'args': 25}"
2025-04-28T09:40:44.531215,"{'address': '/hover', 'args': 25}"
2025-04-28T09:40:44.597822,"{'address': '/hover', 'args': 4}"
2025-04-28T09:40:45.022604,"{'address': '/hover', 'args': 20}"
2025-04-28T09:40:45.331006,"{'address': '/hover', 'args': 20}"
2025-04-28T09:40:45.405125,"{'address': '/hover', 'args': 0}"
2025-04-28T09:40:45.472757,"{'address': '/hover', 'args': 8}"
2025-04-28T09:40:45.672635,"{'address': '/hover', 'args': 14}"
2025-04-28T09:40:45.697416,"{'address': '/hover', 'args': 19}"
2025-04-28T09:40:45.864220,"{'address': '/hover', 'args': 10}"
2025-04-28T09:40:46.013963,"{'address': '/hover', 'args': 14}"
2025-04-28T09:40:46.230818,"{'address': '/hover', 'args': 0}"
2025-04-28T09:40:46.463643,"{'address': '/hover', 'args': 8}"
2025-04-28T09:40:46.763776,"{'address': '/hover', 'args': 10}"
2025-04-28T09:40:46.789497,"{'address': '/hover', 'args': 3}"
2025-04-28T09:40:47.479822,"{'address': '/hover', 'args': 22}"
2025-04-28T09:40:47.622676,"{'address': '/hover', 'args': 7}"
2025-04-28T09:40:47.931030,"{'address': '/hover', 'args': 27}"
2025-04-28T09:40:48.064296,"{'address': '/hover', 'args': 30}"
2025-04-28T09:40:48.472912,"{'address': '/hover', 'args': 29}"
2025-04-28T09:40:48.772971,"{'address': '/hover', 'args': 29}"
2025-04-28T09:40:48.780792,"{'address': '/hover', 'args': 24}"
2025-04-28T09:40:48.956308,"{'address': '/hover', 'args': 26}"
2025-04-28T09:40:49.263920,"{'address': '/hover', 'args': 26}"
2025-04-28T09:40:49.480744,"{'address': '/hover', 'args': 28}"
2025-04-28T09:40:49.780712,"{'address': '/hover', 'args': 28}"
2025-04-28T09:40:49.896818,"{'address': '/hover', 'args': 13}"
2025-04-28T09:40:50.146913,"{'address': '/hover', 'args': 16}"
2025-04-28T09:40:50.738779,"{'address': '/hover', 'args': 27}"
2025-04-28T09:40:51.163175,"{'address': '/hover', 'args': 24}"
2025-04-28T09:40:51.256037,"{'address': '/hover', 'args': 29}"
2025-04-28T09:40:51.464850,"{'address': '/hover', 'args': 24}"
2025-04-28T09:40:51.547728,"{'address': '/hover', 'args': 26}"
2025-04-28T09:40:51.856101,"{'address': '/hover', 'args': 26}"
2025-04-28T09:40:51.947418,"{'address': '/hover', 'args': 16}"
2025-04-28T09:40:52.255327,"{'address': '/hover', 'args': 16}"
2025-04-28T09:40:52.464996,"{'address': '/hover', 'args': 24}"
2025-04-28T09:40:52.555870,"{'address': '/hover', 'args': 29}"
2025-04-28T09:40:52.872082,"{'address': '/hover', 'args': 16}"
2025-04-28T09:40:52.989355,"{'address': '/hover', 'args': 13}"
2025-04-28T09:40:53.356177,"{'address': '/hover', 'args': 16}"
2025-04-28T09:40:53.664177,"{'address': '/hover', 'args': 16}"
2025-04-28T09:40:53.781102,"{'address': '/hover', 'args': 24}"
2025-04-28T09:40:53.898051,"{'address': '/hover', 'args': 29}"
2025-04-28T09:40:54.089616,"{'address': '/hover', 'args': 24}"
2025-04-28T09:40:54.206256,"{'address': '/hover', 'args': 29}"
2025-04-28T09:40:54.397275,"{'address': '/hover', 'args': 24}"
2025-04-28T09:40:54.639047,"{'address': '/hover', 'args': 16}"
2025-04-28T09:40:54.947282,"{'address': '/hover', 'args': 16}"
2025-04-28T09:40:55.256339,"{'address': '/hover', 'args': 16}"
2025-04-28T09:40:55.556075,"{'address': '/hover', 'args': 16}"
2025-04-28T09:40:56.489388,"{'address': '/hover', 'args': 29}"
2025-04-28T09:40:56.797484,"{'address': '/hover', 'args': 29}"
2025-04-28T09:40:57.105658,"{'address': '/hover', 'args': 29}"
2025-04-28T09:40:57.422314,"{'address': '/hover', 'args': 16}"
2025-04-28T09:40:57.722858,"{'address': '/hover', 'args': 16}"
2025-04-28T09:40:58.022682,"{'address': '/hover', 'args': 24}"
2025-04-28T09:40:58.322864,"{'address': '/hover', 'args': 24}"
2025-04-28T09:40:58.630797,"{'address': '/hover', 'args': 24}"
2025-04-28T09:40:58.730852,"{'address': '/hover', 'args': 16}"
2025-04-28T09:40:59.038553,"{'address': '/hover', 'args': 16}"
2025-04-28T09:40:59.339293,"{'address': '/hover', 'args': 16}"
2025-04-28T09:40:59.638292,"{'address': '/hover', 'args': 24}"
2025-04-28T09:40:59.939573,"{'address': '/hover', 'args': 24}"
2025-04-28T09:40:59.939647,"{'address': '/hover', 'args': 26}"
2025-04-28T09:41:00.239269,"{'address': '/hover', 'args': 13}"
2025-04-28T09:41:00.355605,"{'address': '/hover', 'args': 18}"
2025-04-28T09:41:00.505156,"{'address': '/hover', 'args': 23}"
2025-04-28T09:41:00.581349,"{'address': '/hover', 'args': 14}"
2025-04-28T09:41:00.638243,"{'address': '/hover', 'args': 20}"
2025-04-28T09:41:00.655401,"{'address': '/hover', 'args': 4}"
2025-04-28T09:41:00.839128,"{'address': '/hover', 'args': 17}"
2025-04-28T09:41:00.905437,"{'address': '/hover', 'args': 19}"
2025-04-28T09:41:01.481003,"{'address': '/hover', 'args': 14}"
2025-04-28T09:41:01.489200,"{'address': '/hover', 'args': 10}"
2025-04-28T09:41:01.555988,"{'address': '/hover', 'args': 7}"
2025-04-28T12:44:18.140830,"{'address': '/hover', 'args': 13}"
2025-04-28T12:44:20.607650,"{'address': '/hover', 'args': 15}"
2025-04-28T12:44:20.708077,"{'address': '/hover', 'args': 3}"
2025-04-28T12:44:21.007936,"{'address': '/hover', 'args': 3}"
2025-04-28T12:44:21.309045,"{'address': '/hover', 'args': 3}"
2025-04-28T12:44:21.616301,"{'address': '/hover', 'args': 3}"
2025-04-28T12:44:21.924046,"{'address': '/hover', 'args': 3}"
2025-04-28T12:44:22.225112,"{'address': '/hover', 'args': 3}"
2025-04-28T12:44:22.533788,"{'address': '/hover', 'args': 3}"
2025-04-28T12:44:22.841796,"{'address': '/hover', 'args': 3}"
2025-04-28T12:44:23.149444,"{'address': '/hover', 'args': 3}"
2025-04-28T12:44:23.449370,"{'address': '/hover', 'args': 3}"
2025-04-28T12:44:23.750070,"{'address': '/hover', 'args': 3}"
2025-04-28T12:44:24.058384,"{'address': '/hover', 'args': 3}"
2025-04-28T12:44:24.367390,"{'address': '/hover', 'args': 3}"
2025-04-28T12:44:24.675186,"{'address': '/hover', 'args': 3}"
2025-04-28T12:44:24.982607,"{'address': '/hover', 'args': 3}"
2025-04-28T12:44:25.284180,"{'address': '/hover', 'args': 3}"
2025-04-28T12:44:25.591238,"{'address': '/hover', 'args': 3}"
2025-04-28T12:44:25.892861,"{'address': '/hover', 'args': 3}"
2025-04-28T12:44:26.199266,"{'address': '/hover', 'args': 3}"
2025-04-28T12:44:26.499940,"{'address': '/hover', 'args': 3}"
2025-04-28T12:44:26.807914,"{'address': '/hover', 'args': 3}"
2025-04-28T12:44:27.108375,"{'address': '/hover', 'args': 3}"
2025-04-28T12:44:27.416314,"{'address': '/hover', 'args': 3}"
2025-04-28T12:44:27.716952,"{'address': '/hover', 'args': 3}"
2025-04-28T12:44:28.023802,"{'address': '/hover', 'args': 3}"
2025-04-28T12:44:28.332541,"{'address': '/hover', 'args': 3}"
2025-04-28T12:44:28.634029,"{'address': '/hover', 'args': 3}"
2025-04-28T12:44:28.940920,"{'address': '/hover', 'args': 3}"
2025-04-28T12:44:29.240644,"{'address': '/hover', 'args': 3}"
2025-04-28T12:44:29.541812,"{'address': '/hover', 'args': 3}"
2025-04-28T12:44:29.849971,"{'address': '/hover', 'args': 3}"
2025-04-28T12:44:30.150370,"{'address': '/hover', 'args': 3}"
2025-04-28T12:44:30.457816,"{'address': '/hover', 'args': 3}"
2025-04-28T12:44:30.766951,"{'address': '/hover', 'args': 3}"
2025-04-28T12:44:31.075113,"{'address': '/hover', 'args': 3}"
2025-04-28T12:44:31.384314,"{'address': '/hover', 'args': 3}"
2025-04-28T12:44:31.690597,"{'address': '/hover', 'args': 3}"
2025-04-28T12:44:31.999973,"{'address': '/hover', 'args': 3}"
2025-04-28T12:44:32.299640,"{'address': '/hover', 'args': 3}"
2025-04-28T12:44:32.608251,"{'address': '/hover', 'args': 3}"
2025-04-28T12:44:32.916855,"{'address': '/hover', 'args': 3}"
2025-04-28T12:44:33.216815,"{'address': '/hover', 'args': 3}"
2025-04-28T12:44:33.525153,"{'address': '/hover', 'args': 3}"
2025-04-28T12:44:33.825313,"{'address': '/hover', 'args': 3}"
2025-04-28T12:44:34.133025,"{'address': '/hover', 'args': 3}"
2025-04-28T12:44:34.432938,"{'address': '/hover', 'args': 3}"
2025-04-28T12:44:34.732484,"{'address': '/hover', 'args': 3}"
2025-04-28T12:44:35.033295,"{'address': '/hover', 'args': 3}"
2025-04-28T12:44:35.341830,"{'address': '/hover', 'args': 3}"
2025-04-28T12:44:35.649211,"{'address': '/hover', 'args': 3}"
2025-04-28T12:44:35.949237,"{'address': '/hover', 'args': 3}"
2025-04-28T12:44:36.258846,"{'address': '/hover', 'args': 3}"
2025-04-28T12:44:36.566079,"{'address': '/hover', 'args': 3}"
2025-04-28T12:44:36.867712,"{'address': '/hover', 'args': 3}"
2025-04-28T12:44:37.166962,"{'address': '/hover', 'args': 3}"
2025-04-28T12:44:37.474475,"{'address': '/hover', 'args': 3}"
2025-04-28T12:44:37.775167,"{'address': '/hover', 'args': 3}"
2025-04-28T12:44:38.084376,"{'address': '/hover', 'args': 3}"
2025-04-28T12:44:38.391453,"{'address': '/hover', 'args': 3}"
2025-04-28T12:44:38.699947,"{'address': '/hover', 'args': 3}"
2025-04-28T12:44:39.008164,"{'address': '/hover', 'args': 3}"
2025-04-28T12:44:39.316129,"{'address': '/hover', 'args': 3}"
2025-04-28T12:44:39.626234,"{'address': '/hover', 'args': 3}"
2025-04-28T12:44:39.932344,"{'address': '/hover', 'args': 3}"
2025-04-28T12:44:40.241783,"{'address': '/hover', 'args': 3}"
2025-04-28T12:44:40.550249,"{'address': '/hover', 'args': 3}"
2025-04-28T12:44:40.858228,"{'address': '/hover', 'args': 3}"
2025-04-28T12:44:41.166770,"{'address': '/hover', 'args': 3}"
2025-04-28T12:44:41.467345,"{'address': '/hover', 'args': 3}"
2025-04-28T12:44:41.773846,"{'address': '/hover', 'args': 3}"
2025-04-28T12:44:42.076338,"{'address': '/hover', 'args': 3}"
2025-04-28T12:44:42.376011,"{'address': '/hover', 'args': 3}"
2025-04-28T12:44:42.683020,"{'address': '/hover', 'args': 3}"
2025-04-28T12:44:42.983581,"{'address': '/hover', 'args': 3}"
2025-04-28T12:44:43.291840,"{'address': '/hover', 'args': 3}"
2025-04-28T12:44:43.599972,"{'address': '/hover', 'args': 3}"
2025-04-28T12:44:43.907918,"{'address': '/hover', 'args': 3}"
2025-04-28T12:44:44.215676,"{'address': '/hover', 'args': 3}"
2025-04-28T12:44:44.525260,"{'address': '/hover', 'args': 3}"
2025-04-28T12:44:44.832542,"{'address': '/hover', 'args': 3}"
2025-04-28T12:44:45.133774,"{'address': '/hover', 'args': 3}"
2025-04-28T12:44:45.433291,"{'address': '/hover', 'args': 3}"
2025-04-28T12:44:45.741020,"{'address': '/hover', 'args': 3}"
2025-04-28T12:44:46.041383,"{'address': '/hover', 'args': 3}"
2025-04-28T12:44:46.341546,"{'address': '/hover', 'args': 3}"
2025-04-28T12:44:46.649970,"{'address': '/hover', 'args': 3}"
2025-04-28T12:44:46.958422,"{'address': '/hover', 'args': 3}"
2025-04-28T12:44:47.266448,"{'address': '/hover', 'args': 3}"
2025-04-28T12:44:47.572711,"{'address': '/hover', 'args': 3}"
2025-04-28T12:44:47.876703,"{'address': '/hover', 'args': 3}"
2025-04-28T12:44:48.182843,"{'address': '/hover', 'args': 3}"
2025-04-28T12:44:48.483513,"{'address': '/hover', 'args': 3}"
2025-04-28T12:44:48.791875,"{'address': '/hover', 'args': 3}"
2025-04-28T12:44:49.099732,"{'address': '/hover', 'args': 3}"
2025-04-28T12:44:49.399490,"{'address': '/hover', 'args': 3}"
2025-04-28T12:44:49.699697,"{'address': '/hover', 'args': 3}"
2025-04-28T12:44:50.008135,"{'address': '/hover', 'args': 3}"
2025-04-28T12:44:50.317003,"{'address': '/hover', 'args': 3}"
2025-04-28T12:44:50.624348,"{'address': '/hover', 'args': 3}"
2025-04-28T12:44:50.946705,"{'address': '/hover', 'args': 3}"
2025-04-28T12:44:51.224317,"{'address': '/hover', 'args': 3}"
2025-04-28T12:44:51.531981,"{'address': '/hover', 'args': 3}"
2025-04-28T12:44:51.833779,"{'address': '/hover', 'args': 3}"
2025-04-28T12:44:52.140286,"{'address': '/hover', 'args': 3}"
2025-04-28T12:44:52.448225,"{'address': '/hover', 'args': 3}"
2025-04-28T12:59:08.961919,"{'address': '/hover', 'args': 3}"
2025-04-28T12:59:09.195386,"{'address': '/hover', 'args': 12}"
2025-04-28T12:59:09.502908,"{'address': '/hover', 'args': 12}"
2025-04-28T12:59:10.862821,"{'address': '/hover', 'args': 15}"
2025-04-28T12:59:32.028834,"{'address': '/hover', 'args': 15}"
2025-04-28T12:59:32.378233,"{'address': '/hover', 'args': 6}"
2025-04-28T12:59:32.804503,"{'address': '/hover', 'args': 3}"
2025-04-28T12:59:33.152769,"{'address': '/hover', 'args': 15}"
2025-04-28T12:59:33.477887,"{'address': '/hover', 'args': 4}"
2025-04-28T12:59:33.796346,"{'address': '/hover', 'args': 12}"
2025-04-28T12:59:34.104787,"{'address': '/hover', 'args': 12}"
2025-04-28T12:59:34.413275,"{'address': '/hover', 'args': 12}"
2025-04-28T12:59:34.719412,"{'address': '/hover', 'args': 12}"
2025-04-28T12:59:35.021340,"{'address': '/hover', 'args': 12}"
2025-04-28T12:59:35.328137,"{'address': '/hover', 'args': 12}"
2025-04-28T12:59:35.513338,"{'address': '/hover', 'args': 4}"
2025-04-28T12:59:35.787916,"{'address': '/hover', 'args': 15}"
2025-04-28T12:59:35.960760,"{'address': '/hover', 'args': 3}"
2025-04-28T12:59:36.171304,"{'address': '/hover', 'args': 1}"
2025-04-28T12:59:36.403306,"{'address': '/hover', 'args': 0}"
2025-04-28T12:59:36.553718,"{'address': '/hover', 'args': 5}"
2025-04-28T12:59:36.696693,"{'address': '/hover', 'args': 10}"
2025-04-28T12:59:36.836389,"{'address': '/hover', 'args': 6}"
2025-04-28T12:59:37.087717,"{'address': '/hover', 'args': 13}"
2025-04-28T12:59:37.278111,"{'address': '/hover', 'args': 8}"
2025-04-28T12:59:37.469779,"{'address': '/hover', 'args': 6}"
2025-04-28T12:59:37.712944,"{'address': '/hover', 'args': 4}"
2025-04-28T12:59:37.961488,"{'address': '/hover', 'args': 2}"
2025-04-28T12:59:38.304488,"{'address': '/hover', 'args': 12}"
2025-04-28T12:59:38.436309,"{'address': '/hover', 'args': 11}"
2025-04-28T12:59:39.353485,"{'address': '/hover', 'args': 12}"
2025-04-28T13:11:29.231709,"{'address': '/hover', 'args': 0}"
2025-04-28T13:14:10.773298,"{'address': '/hover', 'args': 2}"
2025-04-28T13:14:11.239526,"{'address': '/hover', 'args': 0}"
2025-04-28T13:14:11.440527,"{'address': '/hover', 'args': 12}"
2025-04-28T13:54:42.149646,"{'address': '/hover', 'args': 12}"
2025-04-28T13:54:45.783235,"{'address': '/hover', 'args': 15}"
2025-04-28T13:54:46.083969,"{'address': '/hover', 'args': 15}"
2025-04-28T13:56:54.010339,"{'address': '/hover', 'args': 12}"
2025-04-28T13:56:54.317152,"{'address': '/hover', 'args': 12}"
2025-04-28T13:57:16.317564,"{'address': '/hover', 'args': 12}"
2025-04-28T13:57:19.667723,"{'address': '/hover', 'args': 2}"
2025-04-28T13:57:19.976632,"{'address': '/hover', 'args': 2}"
2025-04-28T13:57:20.286365,"{'address': '/hover', 'args': 2}"
2025-04-28T13:57:20.585526,"{'address': '/hover', 'args': 2}"
2025-04-28T13:57:20.893784,"{'address': '/hover', 'args': 2}"
2025-04-28T13:57:21.201374,"{'address': '/hover', 'args': 2}"
2025-04-28T13:57:21.501838,"{'address': '/hover', 'args': 2}"
2025-04-28T13:57:21.810204,"{'address': '/hover', 'args': 2}"
2025-04-28T13:57:22.118524,"{'address': '/hover', 'args': 2}"
2025-04-28T13:57:22.425838,"{'address': '/hover', 'args': 2}"
2025-04-28T13:57:22.727055,"{'address': '/hover', 'args': 2}"
2025-04-28T13:57:23.036705,"{'address': '/hover', 'args': 2}"
2025-04-28T13:57:23.344517,"{'address': '/hover', 'args': 2}"
2025-04-28T13:57:23.645430,"{'address': '/hover', 'args': 2}"
2025-04-28T13:57:23.953516,"{'address': '/hover', 'args': 2}"
2025-04-28T13:57:24.261455,"{'address': '/hover', 'args': 2}"
2025-04-28T13:57:24.561464,"{'address': '/hover', 'args': 2}"
2025-04-28T13:57:24.868794,"{'address': '/hover', 'args': 2}"
2025-04-28T13:57:25.177173,"{'address': '/hover', 'args': 2}"
2025-04-28T13:57:25.485635,"{'address': '/hover', 'args': 2}"
2025-04-28T13:57:25.796390,"{'address': '/hover', 'args': 2}"
2025-04-28T13:57:26.102285,"{'address': '/hover', 'args': 2}"
2025-04-28T13:57:26.402235,"{'address': '/hover', 'args': 2}"
2025-04-28T13:57:26.709913,"{'address': '/hover', 'args': 2}"
2025-04-28T13:57:27.010322,"{'address': '/hover', 'args': 2}"
2025-04-28T13:57:27.311451,"{'address': '/hover', 'args': 2}"
2025-04-28T13:57:27.619008,"{'address': '/hover', 'args': 2}"
2025-04-28T13:57:27.919588,"{'address': '/hover', 'args': 2}"
2025-04-28T13:57:28.226922,"{'address': '/hover', 'args': 2}"
2025-04-28T13:57:28.526631,"{'address': '/hover', 'args': 2}"
2025-04-28T13:57:28.855926,"{'address': '/hover', 'args': 2}"
2025-04-28T13:57:29.144234,"{'address': '/hover', 'args': 2}"
2025-04-28T13:57:29.451229,"{'address': '/hover', 'args': 2}"
2025-04-28T13:57:29.751221,"{'address': '/hover', 'args': 2}"
2025-04-28T13:57:30.059054,"{'address': '/hover', 'args': 2}"
2025-04-28T13:57:30.359610,"{'address': '/hover', 'args': 2}"
2025-04-28T13:57:30.660805,"{'address': '/hover', 'args': 2}"
2025-04-28T13:57:30.967887,"{'address': '/hover', 'args': 2}"
2025-04-28T13:57:31.267491,"{'address': '/hover', 'args': 2}"
2025-04-28T13:57:31.400649,"{'address': '/hover', 'args': 15}"
2025-04-28T13:57:31.701975,"{'address': '/hover', 'args': 15}"
2025-04-28T13:57:31.934248,"{'address': '/hover', 'args': 6}"
2025-04-28T13:57:32.244195,"{'address': '/hover', 'args': 6}"
2025-04-28T13:57:32.575654,"{'address': '/hover', 'args': 3}"
2025-04-28T13:57:32.884372,"{'address': '/hover', 'args': 3}"
2025-04-28T13:57:33.418369,"{'address': '/hover', 'args': 4}"
2025-04-28T13:57:33.726127,"{'address': '/hover', 'args': 4}"
2025-04-28T13:57:33.952764,"{'address': '/hover', 'args': 15}"
2025-04-28T13:57:34.259266,"{'address': '/hover', 'args': 15}"
2025-04-28T13:57:34.517395,"{'address': '/hover', 'args': 3}"
2025-04-28T13:57:34.818710,"{'address': '/hover', 'args': 3}"
2025-04-28T13:57:35.127335,"{'address': '/hover', 'args': 3}"
2025-04-28T13:57:35.435730,"{'address': '/hover', 'args': 3}"
2025-04-28T13:57:35.742298,"{'address': '/hover', 'args': 3}"
2025-04-28T13:57:36.043533,"{'address': '/hover', 'args': 3}"
2025-04-28T13:57:36.343850,"{'address': '/hover', 'args': 3}"
2025-04-28T13:57:36.652384,"{'address': '/hover', 'args': 3}"
2025-04-28T13:57:36.960053,"{'address': '/hover', 'args': 3}"
2025-04-28T13:57:37.260108,"{'address': '/hover', 'args': 3}"
2025-04-28T13:57:37.568776,"{'address': '/hover', 'args': 3}"
2025-04-28T13:57:37.876885,"{'address': '/hover', 'args': 3}"
2025-04-28T13:57:38.186214,"{'address': '/hover', 'args': 3}"
2025-04-28T13:57:38.493536,"{'address': '/hover', 'args': 3}"
2025-04-28T13:57:38.803108,"{'address': '/hover', 'args': 3}"
2025-04-28T13:57:39.109706,"{'address': '/hover', 'args': 3}"
2025-04-28T13:57:39.411586,"{'address': '/hover', 'args': 3}"
2025-04-28T13:57:39.718101,"{'address': '/hover', 'args': 3}"
2025-04-28T13:57:40.019141,"{'address': '/hover', 'args': 3}"
2025-04-28T13:57:40.328471,"{'address': '/hover', 'args': 3}"
2025-04-28T13:57:41.601156,"{'address': '/hover', 'args': 15}"
2025-04-28T13:57:41.909123,"{'address': '/hover', 'args': 15}"
2025-04-28T13:57:42.275736,"{'address': '/hover', 'args': 15}"
2025-04-28T13:57:42.517928,"{'address': '/hover', 'args': 12}"
2025-04-28T13:57:42.825746,"{'address': '/hover', 'args': 12}"
2025-04-28T13:57:42.983500,"{'address': '/hover', 'args': 13}"
2025-04-28T13:57:43.284337,"{'address': '/hover', 'args': 13}"
2025-04-28T13:57:43.635452,"{'address': '/hover', 'args': 4}"
2025-04-28T13:57:43.937083,"{'address': '/hover', 'args': 4}"
2025-04-28T13:57:44.034367,"{'address': '/hover', 'args': 15}"
2025-04-28T13:57:44.342243,"{'address': '/hover', 'args': 15}"
2025-04-28T13:57:44.494153,"{'address': '/hover', 'args': 6}"
2025-04-28T13:57:44.801405,"{'address': '/hover', 'args': 6}"
2025-04-28T13:57:45.226401,"{'address': '/hover', 'args': 3}"
2025-04-28T13:57:45.526157,"{'address': '/hover', 'args': 3}"
2025-04-28T13:57:45.767411,"{'address': '/hover', 'args': 10}"
2025-04-28T13:57:46.068996,"{'address': '/hover', 'args': 10}"
2025-04-28T13:57:46.727064,"{'address': '/hover', 'args': 14}"
2025-04-28T13:57:47.027712,"{'address': '/hover', 'args': 14}"
2025-04-28T13:57:47.176395,"{'address': '/hover', 'args': 6}"
2025-04-28T13:57:47.519939,"{'address': '/hover', 'args': 15}"
2025-04-28T13:57:47.826339,"{'address': '/hover', 'args': 15}"
2025-04-28T13:57:48.026879,"{'address': '/hover', 'args': 13}"
2025-04-28T13:57:48.334690,"{'address': '/hover', 'args': 13}"
2025-04-28T13:57:48.533491,"{'address': '/hover', 'args': 12}"
2025-04-28T13:57:48.835578,"{'address': '/hover', 'args': 12}"
2025-04-28T13:57:49.017948,"{'address': '/hover', 'args': 4}"
2025-04-28T13:57:49.434662,"{'address': '/hover', 'args': 3}"
2025-04-28T13:57:49.767538,"{'address': '/hover', 'args': 15}"
2025-04-28T13:57:50.342845,"{'address': '/hover', 'args': 10}"
2025-04-28T13:57:50.642695,"{'address': '/hover', 'args': 10}"
2025-04-28T13:57:50.784793,"{'address': '/hover', 'args': 3}"
2025-04-28T13:57:51.386102,"{'address': '/hover', 'args': 6}"
2025-04-28T13:57:51.684064,"{'address': '/hover', 'args': 15}"
2025-04-28T13:57:51.911202,"{'address': '/hover', 'args': 4}"
2025-04-28T13:57:52.309326,"{'address': '/hover', 'args': 12}"
2025-04-28T13:57:52.609391,"{'address': '/hover', 'args': 12}"
2025-04-28T13:57:52.759401,"{'address': '/hover', 'args': 13}"
2025-04-28T13:57:53.376494,"{'address': '/hover', 'args': 14}"
2025-04-28T13:57:53.676804,"{'address': '/hover', 'args': 14}"
2025-04-28T13:57:53.984194,"{'address': '/hover', 'args': 14}"
2025-04-28T13:57:54.292117,"{'address': '/hover', 'args': 14}"
2025-04-28T13:57:54.593096,"{'address': '/hover', 'args': 14}"
2025-04-28T13:57:54.692950,"{'address': '/hover', 'args': 3}"
2025-04-28T13:57:54.994338,"{'address': '/hover', 'args': 3}"
2025-04-28T13:57:55.176295,"{'address': '/hover', 'args': 10}"
2025-04-28T13:57:55.476576,"{'address': '/hover', 'args': 10}"
2025-04-28T13:57:55.659799,"{'address': '/hover', 'args': 6}"
2025-04-28T13:57:55.917375,"{'address': '/hover', 'args': 15}"
2025-04-28T13:57:56.292658,"{'address': '/hover', 'args': 4}"
2025-04-28T13:57:56.594002,"{'address': '/hover', 'args': 4}"
2025-04-28T13:57:56.850228,"{'address': '/hover', 'args': 12}"
2025-04-28T13:57:57.151391,"{'address': '/hover', 'args': 12}"
2025-04-28T13:57:57.450962,"{'address': '/hover', 'args': 12}"
2025-04-28T13:57:59.593871,"{'address': '/hover', 'args': 2}"
2025-04-28T13:58:00.143178,"{'address': '/hover', 'args': 1}"
2025-04-28T13:58:00.443186,"{'address': '/hover', 'args': 1}"
2025-04-28T13:58:00.527269,"{'address': '/hover', 'args': 0}"
2025-04-28T13:58:00.834991,"{'address': '/hover', 'args': 0}"
2025-04-28T13:58:00.977413,"{'address': '/hover', 'args': 5}"
2025-04-28T13:58:01.359881,"{'address': '/hover', 'args': 3}"
2025-04-28T13:58:01.686133,"{'address': '/hover', 'args': 15}"
2025-04-28T13:58:01.776389,"{'address': '/hover', 'args': 13}"
2025-04-28T13:58:02.119775,"{'address': '/hover', 'args': 13}"
2025-04-28T13:58:02.217079,"{'address': '/hover', 'args': 11}"
2025-04-28T13:58:02.520471,"{'address': '/hover', 'args': 8}"
2025-04-28T13:58:02.602022,"{'address': '/hover', 'args': 7}"
2025-04-28T13:58:02.685668,"{'address': '/hover', 'args': 9}"
2025-04-28T13:58:02.909563,"{'address': '/hover', 'args': 14}"
2025-04-28T13:58:02.993286,"{'address': '/hover', 'args': 3}"
2025-04-28T13:58:03.209757,"{'address': '/hover', 'args': 4}"
2025-04-28T13:58:03.492677,"{'address': '/hover', 'args': 2}"
2025-04-28T13:58:03.801357,"{'address': '/hover', 'args': 1}"
2025-04-28T13:58:04.084847,"{'address': '/hover', 'args': 4}"
2025-04-28T13:58:04.301104,"{'address': '/hover', 'args': 12}"
2025-04-28T13:58:04.602863,"{'address': '/hover', 'args': 12}"
2025-04-28T13:58:04.685118,"{'address': '/hover', 'args': 13}"
2025-04-28T13:58:05.158517,"{'address': '/hover', 'args': 4}"
2025-04-28T13:58:05.384247,"{'address': '/hover', 'args': 2}"
2025-04-28T13:58:05.651439,"{'address': '/hover', 'args': 1}"
2025-04-28T13:58:05.801547,"{'address': '/hover', 'args': 0}"
2025-04-28T13:58:06.085760,"{'address': '/hover', 'args': 5}"
2025-04-28T13:58:06.418497,"{'address': '/hover', 'args': 0}"
2025-04-28T13:58:06.560980,"{'address': '/hover', 'args': 1}"
2025-04-28T13:58:06.759577,"{'address': '/hover', 'args': 3}"
2025-04-28T13:58:07.068421,"{'address': '/hover', 'args': 3}"
2025-04-28T13:58:07.236103,"{'address': '/hover', 'args': 1}"
2025-04-28T13:58:08.034751,"{'address': '/hover', 'args': 2}"
2025-04-28T13:58:08.337067,"{'address': '/hover', 'args': 2}"
2025-04-28T13:58:08.484811,"{'address': '/hover', 'args': 4}"
2025-04-28T13:58:08.726693,"{'address': '/hover', 'args': 15}"
2025-04-28T13:58:09.027200,"{'address': '/hover', 'args': 15}"
2025-04-28T13:58:09.276280,"{'address': '/hover', 'args': 13}"
2025-04-28T13:58:09.634294,"{'address': '/hover', 'args': 12}"
2025-04-28T13:58:09.934879,"{'address': '/hover', 'args': 12}"
2025-04-28T13:58:10.184905,"{'address': '/hover', 'args': 11}"
2025-04-28T13:58:10.542434,"{'address': '/hover', 'args': 8}"
2025-04-28T13:58:10.834590,"{'address': '/hover', 'args': 13}"
2025-04-28T13:58:11.251330,"{'address': '/hover', 'args': 7}"
2025-04-28T13:58:11.801167,"{'address': '/hover', 'args': 9}"
2025-04-28T13:58:12.176629,"{'address': '/hover', 'args': 14}"
2025-04-28T13:58:12.434786,"{'address': '/hover', 'args': 10}"
2025-04-28T13:58:12.759351,"{'address': '/hover', 'args': 5}"
2025-04-28T13:58:13.051499,"{'address': '/hover', 'args': 0}"
2025-04-28T13:58:13.493531,"{'address': '/hover', 'args': 3}"
2025-04-28T13:58:14.025193,"{'address': '/hover', 'args': 2}"
2025-04-28T13:58:14.200947,"{'address': '/hover', 'args': 4}"
2025-04-28T13:58:14.509799,"{'address': '/hover', 'args': 4}"
2025-04-28T13:58:14.701575,"{'address': '/hover', 'args': 15}"
2025-04-28T13:58:15.076269,"{'address': '/hover', 'args': 12}"
2025-04-28T13:58:15.384628,"{'address': '/hover', 'args': 12}"
2025-04-28T13:58:15.467861,"{'address': '/hover', 'args': 13}"
2025-04-28T13:58:15.769473,"{'address': '/hover', 'args': 15}"
2025-04-28T13:58:15.969741,"{'address': '/hover', 'args': 4}"
2025-04-28T13:58:16.201885,"{'address': '/hover', 'args': 2}"
2025-04-28T13:58:16.509960,"{'address': '/hover', 'args': 2}"
2025-04-28T13:58:16.634726,"{'address': '/hover', 'args': 1}"
2025-04-28T13:58:17.153459,"{'address': '/hover', 'args': 3}"
2025-04-28T13:58:17.326529,"{'address': '/hover', 'args': 6}"
2025-04-28T13:58:17.817253,"{'address': '/hover', 'args': 13}"
2025-04-28T13:58:18.217772,"{'address': '/hover', 'args': 12}"
2025-04-28T13:58:18.517786,"{'address': '/hover', 'args': 12}"
2025-04-28T13:58:18.784879,"{'address': '/hover', 'args': 15}"
2025-04-28T13:58:19.143203,"{'address': '/hover', 'args': 4}"
2025-04-28T13:58:19.559852,"{'address': '/hover', 'args': 13}"
2025-04-28T13:58:19.901743,"{'address': '/hover', 'args': 8}"
2025-04-28T13:58:20.210904,"{'address': '/hover', 'args': 8}"
2025-04-28T13:58:20.344983,"{'address': '/hover', 'args': 7}"
2025-04-28T13:58:20.684332,"{'address': '/hover', 'args': 6}"
2025-04-28T13:58:20.984530,"{'address': '/hover', 'args': 6}"
2025-04-28T13:58:21.109629,"{'address': '/hover', 'args': 15}"
2025-04-28T13:58:21.442796,"{'address': '/hover', 'args': 13}"
2025-04-28T13:58:22.168218,"{'address': '/hover', 'args': 4}"
2025-04-28T13:58:22.601632,"{'address': '/hover', 'args': 3}"
2025-04-28T13:58:22.892951,"{'address': '/hover', 'args': 1}"
2025-04-28T13:58:23.311802,"{'address': '/hover', 'args': 1}"
2025-04-28T13:58:23.417930,"{'address': '/hover', 'args': 0}"
2025-04-28T13:58:23.651138,"{'address': '/hover', 'args': 5}"
2025-04-28T13:58:23.961757,"{'address': '/hover', 'args': 5}"
2025-04-28T13:58:24.200422,"{'address': '/hover', 'args': 10}"
2025-04-28T13:58:24.542907,"{'address': '/hover', 'args': 3}"
2025-04-28T13:58:24.852732,"{'address': '/hover', 'args': 1}"
2025-04-28T13:58:25.153099,"{'address': '/hover', 'args': 1}"
2025-04-28T13:58:25.418763,"{'address': '/hover', 'args': 4}"
2025-04-28T13:58:25.643218,"{'address': '/hover', 'args': 15}"
2025-04-28T13:58:25.834818,"{'address': '/hover', 'args': 6}"
2025-04-28T13:58:26.336805,"{'address': '/hover', 'args': 11}"
2025-04-28T13:58:26.643964,"{'address': '/hover', 'args': 11}"
2025-04-28T13:58:26.952296,"{'address': '/hover', 'args': 11}"
2025-04-28T14:22:03.080053,"{'address': '/hover', 'args': 13}"
2025-04-28T14:22:03.379592,"{'address': '/hover', 'args': 13}"
2025-04-28T14:22:03.680870,"{'address': '/hover', 'args': 13}"
2025-04-28T14:22:03.989249,"{'address': '/hover', 'args': 13}"
2025-04-28T14:22:04.297297,"{'address': '/hover', 'args': 13}"
2025-04-28T14:22:04.754416,"{'address': '/hover', 'args': 13}"
2025-04-28T14:22:06.471329,"{'address': '/hover', 'args': 13}"
2025-04-28T14:22:06.772329,"{'address': '/hover', 'args': 13}"
2025-04-28T14:22:06.829641,"{'address': '/hover', 'args': 15}"
2025-04-28T14:22:07.130924,"{'address': '/hover', 'args': 15}"
2025-04-28T14:22:07.438649,"{'address': '/hover', 'args': 15}"
2025-04-28T14:22:07.747531,"{'address': '/hover', 'args': 15}"
2025-04-28T14:22:08.055374,"{'address': '/hover', 'args': 15}"
2025-04-28T14:22:08.364208,"{'address': '/hover', 'args': 15}"
2025-04-28T14:22:08.671453,"{'address': '/hover', 'args': 15}"
2025-04-28T14:22:08.972432,"{'address': '/hover', 'args': 15}"
2025-04-28T14:22:09.281288,"{'address': '/hover', 'args': 15}"
2025-04-28T14:22:09.580658,"{'address': '/hover', 'args': 15}"
2025-04-28T14:22:09.888004,"{'address': '/hover', 'args': 15}"
2025-04-28T14:22:10.188918,"{'address': '/hover', 'args': 15}"
2025-04-28T14:22:10.613870,"{'address': '/hover', 'args': 3}"
2025-04-28T14:22:10.920717,"{'address': '/hover', 'args': 3}"
2025-04-28T14:22:11.029823,"{'address': '/hover', 'args': 6}"
2025-04-28T14:22:11.371284,"{'address': '/hover', 'args': 14}"
2025-04-28T14:22:11.705543,"{'address': '/hover', 'args': 10}"
2025-04-28T14:22:11.962836,"{'address': '/hover', 'args': 3}"
2025-04-28T14:22:12.304726,"{'address': '/hover', 'args': 4}"
2025-04-28T14:22:12.606079,"{'address': '/hover', 'args': 4}"
2025-04-28T14:22:12.771089,"{'address': '/hover', 'args': 12}"
2025-04-28T14:22:13.072491,"{'address': '/hover', 'args': 12}"
2025-04-28T14:22:13.279775,"{'address': '/hover', 'args': 13}"
2025-04-28T14:22:13.588586,"{'address': '/hover', 'args': 13}"
2025-04-28T14:22:13.895932,"{'address': '/hover', 'args': 13}"
2025-04-28T14:22:14.204771,"{'address': '/hover', 'args': 13}"
2025-04-28T14:22:14.481510,"{'address': '/hover', 'args': 12}"
2025-04-28T14:22:14.788648,"{'address': '/hover', 'args': 12}"
2025-04-28T14:22:14.912856,"{'address': '/hover', 'args': 4}"
2025-04-28T14:22:15.221502,"{'address': '/hover', 'args': 4}"
2025-04-28T14:22:15.355019,"{'address': '/hover', 'args': 15}"
2025-04-28T14:22:15.687570,"{'address': '/hover', 'args': 12}"
2025-04-28T14:22:15.989434,"{'address': '/hover', 'args': 12}"
2025-04-28T14:22:16.115154,"{'address': '/hover', 'args': 13}"
2025-04-28T14:22:16.420757,"{'address': '/hover', 'args': 13}"
2025-04-28T14:22:16.546061,"{'address': '/hover', 'args': 15}"
2025-04-28T14:22:16.879998,"{'address': '/hover', 'args': 4}"
2025-04-28T14:22:17.180425,"{'address': '/hover', 'args': 12}"
2025-04-28T14:22:17.489388,"{'address': '/hover', 'args': 12}"
2025-04-28T14:22:17.579345,"{'address': '/hover', 'args': 13}"
2025-04-28T14:22:17.879484,"{'address': '/hover', 'args': 6}"
2025-04-28T14:22:18.246043,"{'address': '/hover', 'args': 15}"
2025-04-28T14:22:18.597395,"{'address': '/hover', 'args': 3}"
2025-04-28T14:22:18.954405,"{'address': '/hover', 'args': 10}"
2025-04-28T14:22:19.328778,"{'address': '/hover', 'args': 14}"
2025-04-28T14:22:19.629873,"{'address': '/hover', 'args': 14}"
2025-04-28T14:22:19.771283,"{'address': '/hover', 'args': 6}"
2025-04-28T14:22:20.072180,"{'address': '/hover', 'args': 6}"
2025-04-28T14:22:20.163371,"{'address': '/hover', 'args': 15}"
2025-04-28T14:22:20.530828,"{'address': '/hover', 'args': 4}"
2025-04-28T14:22:20.829900,"{'address': '/hover', 'args': 4}"
2025-04-28T14:22:21.070872,"{'address': '/hover', 'args': 12}"
2025-04-28T14:22:21.371329,"{'address': '/hover', 'args': 12}"
2025-04-28T14:22:21.565187,"{'address': '/hover', 'args': 13}"
2025-04-28T14:22:21.871649,"{'address': '/hover', 'args': 13}"
2025-04-28T14:22:22.179940,"{'address': '/hover', 'args': 13}"
2025-04-28T14:22:22.246943,"{'address': '/hover', 'args': 6}"
2025-04-28T14:22:22.562945,"{'address': '/hover', 'args': 13}"
2025-04-28T14:22:23.504142,"{'address': '/hover', 'args': 12}"
2025-04-28T14:22:23.804621,"{'address': '/hover', 'args': 12}"
2025-04-28T14:22:24.104672,"{'address': '/hover', 'args': 12}"
2025-04-28T14:22:24.355199,"{'address': '/hover', 'args': 4}"
2025-04-28T14:22:24.646456,"{'address': '/hover', 'args': 1}"
2025-04-28T14:22:25.093361,"{'address': '/hover', 'args': 5}"
2025-04-28T14:22:25.254788,"{'address': '/hover', 'args': 3}"
2025-04-28T14:22:25.348377,"{'address': '/hover', 'args': 15}"
2025-04-28T14:22:25.404724,"{'address': '/hover', 'args': 13}"
2025-04-28T14:22:25.887684,"{'address': '/hover', 'args': 11}"
2025-04-28T14:22:26.180704,"{'address': '/hover', 'args': 8}"
2025-04-28T14:22:26.263340,"{'address': '/hover', 'args': 7}"
2025-04-28T14:22:26.480317,"{'address': '/hover', 'args': 3}"
2025-04-28T14:22:26.670396,"{'address': '/hover', 'args': 4}"
2025-04-28T14:22:26.796399,"{'address': '/hover', 'args': 15}"
2025-04-28T14:22:27.121437,"{'address': '/hover', 'args': 13}"
2025-04-28T14:22:27.579186,"{'address': '/hover', 'args': 11}"
2025-04-28T14:22:27.913682,"{'address': '/hover', 'args': 6}"
2025-04-28T14:22:27.979788,"{'address': '/hover', 'args': 3}"
2025-04-28T14:22:28.078814,"{'address': '/hover', 'args': 1}"
2025-04-28T14:22:28.230293,"{'address': '/hover', 'args': 2}"
2025-04-28T14:22:28.487857,"{'address': '/hover', 'args': 12}"
2025-04-28T14:22:29.113117,"{'address': '/hover', 'args': 11}"
2025-04-28T14:22:29.271348,"{'address': '/hover', 'args': 8}"
2025-04-28T14:22:29.422829,"{'address': '/hover', 'args': 11}"
2025-04-28T14:22:29.830321,"{'address': '/hover', 'args': 15}"
2025-04-28T14:22:30.028924,"{'address': '/hover', 'args': 4}"
2025-04-28T14:22:30.297090,"{'address': '/hover', 'args': 1}"
2025-04-28T14:22:30.430170,"{'address': '/hover', 'args': 0}"
2025-04-28T14:22:30.646907,"{'address': '/hover', 'args': 5}"
2025-04-28T14:22:30.821111,"{'address': '/hover', 'args': 10}"
2025-04-28T14:22:30.996831,"{'address': '/hover', 'args': 14}"
2025-04-28T14:22:31.095733,"{'address': '/hover', 'args': 6}"
2025-04-28T14:22:31.229997,"{'address': '/hover', 'args': 15}"
2025-04-28T14:22:31.388184,"{'address': '/hover', 'args': 4}"
2025-04-28T14:22:31.679471,"{'address': '/hover', 'args': 2}"
2025-04-28T14:22:31.981333,"{'address': '/hover', 'args': 2}"
2025-04-28T14:22:32.288878,"{'address': '/hover', 'args': 2}"
2025-04-28T14:22:32.413771,"{'address': '/hover', 'args': 4}"
2025-04-28T14:22:32.579323,"{'address': '/hover', 'args': 13}"
2025-04-28T14:22:32.988420,"{'address': '/hover', 'args': 8}"
2025-04-28T14:22:33.180086,"{'address': '/hover', 'args': 6}"
2025-04-28T14:22:33.288238,"{'address': '/hover', 'args': 3}"
